{
  "results": [{
    "Conservative": 0.42838984727859497
  }, {
    "Conservative": 0.42838984727859497
  }]
}
