{
  "results": [{
    "Libertarian": 0.11249151080846786,
    "Liberal": 0.23209871351718903,
    "Green": 0.22702009975910187,
    "Conservative": 0.4283897578716278
  }]
}
