{
  "results": [{
    "Libertarian": 0.15013590455055237,
    "Liberal": 0.45563051104545593,
    "Green": 0.15895484387874603,
    "Conservative": 0.23527871072292328
  }]
}
