{
  "results": [{
    "Liberal": 0.45563051104545593
  }, {
    "Liberal": 0.45563051104545593
  }]
}
