{
  "results": [{
    "Liberal": 0.45563051104545593
  }, {
    "Liberal": 0.45563051104545593,
    "Conservative": 0.5136404633522034
  }]
}
