{
    "results": [
        {
            "Libertarian": 0.11249145865440369,
            "Liberal": 0.23209869861602783,
            "Green": 0.2270200550556183,
            "Conservative": 0.42838984727859497
        },
        {
            "Libertarian": 0.11249145865440369,
            "Liberal": 0.23209869861602783,
            "Green": 0.2270200550556183,
            "Conservative": 0.42838984727859497
        }
    ]
}
